{
  "train": {
    "MAE": 3001.9940370636114,
    "RMSE": 4277.305050287223,
    "R2": 0.9270521028895707
  },
  "test": {
    "MAE": 4265.9172241424685,
    "RMSE": 5459.914644457684,
    "R2": 0.788740548339762
  },
  "cutoff_date": "2025-08-28"
}