{
  "train": {
    "MAE": 3202.6686928858653,
    "RMSE": 5034.106401008728,
    "R2": 0.8707111018387574
  },
  "test": {
    "MAE": 8919.391932538534,
    "RMSE": 11112.368874173355,
    "R2": 0.32690639695487966
  },
  "cutoff_date": "2025-09-27"
}